Location,Reviews,Ratings,Cost,Value
Angelo's Pizzaria,853,4,12.19,279.9015587
John's Roast Pork,1855,4.4,12.5,652.96
Dalessandro's,3373,4.2,14,1011.9
Cleavers,1655,4.1,15.09,449.6686547
Sonny's,1997,4,12,665.6666667
Oh Brother Philly ,867,4.3,11.99,310.9341118
Pat's,4682,3.2,16,936.4
Steve's Prince of Steaks,602,4,13.96,172.4928367
Geno's,3624,2.6,14,673.0285714
Tony and Nick's Steaks,2088,3.9,11.44,711.8181818